product_id,original_category,new_category,effective_from
99a4788cb24856965c36a24e339b6058,cama_mesa_banho,moveis_decoracao,2018-01-01
aca2eb7d00ea1a7b8ebd4e68314663af,moveis_decoracao,casa_conforto,2018-01-01
422879e10f46682990de24d770e7f83d,ferramentas_jardim,casa_construcao,2018-01-01
d1c427060a0f73f6b889a5c7c61f2ac4,informatica_acessorios,eletronicos,2018-01-01
389d119b48cf3043d311335e499d9c6b,ferramentas_jardim,casa_construcao,2018-01-01
53b36df67ebb7c41585e8d54d6772e08,relogios_presentes,fashion_bolsas_e_acessorios,2018-01-01
368c6c730842d78016ad823897a372db,ferramentas_jardim,casa_construcao,2018-01-01
53759a2ecddad2bb87a079a1f1519f73,ferramentas_jardim,casa_construcao,2018-01-01
154e7e31ebfa092203795c972e5804a6,beleza_saude,perfumaria,2018-01-01
2b4609f8948be18874494203496bc318,beleza_saude,perfumaria,2018-01-01
